餅乾,義美,義美天然取向蘇打餅225g(鮮蔥 紫菜 蘇打餅)
餅乾,Enaak,韓式小雞麵(16gx30入)
餅乾,青鳥旅行,蒲光漫舞-16入經典蛋捲禮盒｜肉鬆蛋捲、芝麻沙沙、花生粒粒(送禮推薦 端午禮盒)
餅乾,KID-O,三明治餅乾綜合風味歡樂包/奶油風味歡喜包(612g)
餅乾,義美,義美清香檸檬夾心酥400g
餅乾,旺旺,仙貝經濟包 350g/包(米果 全素 仙貝)
餅乾,盛香珍,餅乾量販包500g/包-斯娜普蛋酥/脆捲/蘇打餅/煎餅(內有獨立小包裝)
餅乾,義美,起司取向蘇打餅乾袋裝(300公克)
餅乾,Julies 茱蒂絲,手提餅乾系列272g-300g(花生醬三明治/檸檬夾心/乳酪夾心)
餅乾,旺旺,厚燒海苔經濟包 350g/包(米果 經典餅乾)
餅乾,旺旺,米豆米果經濟包 350g/包(全素)
餅乾,旺旺,旺仔雪餅經濟包 350g/包(仙貝 米果 經典懷舊餅乾)
餅乾,義美,美味蘇打餅(原味192g/芝麻燕麥192g)
餅乾,多力多滋,多力多滋組合包系列(200g/袋)
餅乾,義美,香濃花生夾心酥經濟包(400g)
餅乾,青鳥旅行,灌餡蛋捲旅行盒8入兩盒組(經典口味任選)
餅乾,天六,14袋綜合豆果子餅乾3包組(341g/包)
餅乾,青鳥旅行,12入輕享禮盒-人氣經典蛋捲禮盒(原味肉鬆、花生粒粒)
餅乾,品客 Pringles,品客洋芋片任選口味(九入組)
餅乾,77,綜合享樂包_迷你新貴派/迷你巧菲斯(291.4g *包裝隨機出貨*)
餅乾,Gemez Enaak,韓式小雞麵辣味672g(28gx24包/盒)
餅乾,義美,狀元煎餅-花生(224公克)
餅乾,Enaak,香辣小雞麵(14gx30包)
餅乾,本味誠現,大包/立袋裝(乳酥餅13入/濃可可酥餅12入/牛奶餅20入/燕麥餅20入/起司燕麥餅13入)
餅乾,中祥,蔥向第一餅 文昌帝君聯名版(300gx12包/箱)
餅乾,北田,蒟蒻糙米捲-綜合口味(320g)
餅乾,Lay’s 樂事,樂事洋芋片隨手包(12g/50包)
餅乾,Lay’s 樂事,樂事意合組合包240g/袋
